[{"model": "item.images", "pk": 2, "fields": {"item": 2, "image": "uploads/2017/02/02/pizza_adven_zestypepperoni.png"}}, {"model": "item.images", "pk": 3, "fields": {"item": 3, "image": "uploads/2017/02/02/philly-cheese-steak-pizza-three-quarter.png"}}, {"model": "item.images", "pk": 4, "fields": {"item": 4, "image": "uploads/2017/02/02/379901.jpg"}}, {"model": "order.order", "pk": 1, "fields": {"userprofile": 3, "order_id": "UPFLZ331", "receiver": "L\u00ea Ki\u00ean", "order_date": "2016-12-26T09:05:18.378Z", "total_price": 0, "shipping": 0, "status": "PR", "phone": "+840123456789", "address": "123 Nguy\u1ec5n Th\u1ecb Minh Khai, Nguy\u1ec5n C\u01b0 Trinh", "email": "dk1721996@yahoo.com.vn", "note": "", "city": "Saigon", "district": "5", "ward": null}}, {"model": "order.order", "pk": 2, "fields": {"userprofile": 7, "order_id": "8INJWX72", "receiver": "L\u00ea Ki\u00ean", "order_date": "2017-02-01T18:42:58.372Z", "total_price": 0, "shipping": 0, "status": "FI", "phone": "01675459251", "address": "3213123", "email": "dk1721996@gmail.com", "note": "", "city": "Saigon", "district": "1", "ward": ""}}, {"model": "order.order", "pk": 3, "fields": {"userprofile": 3, "order_id": "7ZVC3K33", "receiver": "L\u00ea Ki\u00ean", "order_date": "2017-02-01T19:19:01.860Z", "total_price": 0, "shipping": 0, "status": "FI", "phone": "+840123456789", "address": "aa", "email": "dk1721996@yahoo.com.vn", "note": "", "city": "Saigon", "district": "1", "ward": ""}}, {"model": "order.order", "pk": 4, "fields": {"userprofile": 8, "order_id": "123VF584", "receiver": "Jimmy Fallon", "order_date": "2017-02-03T13:06:16.647Z", "total_price": 0, "shipping": 0, "status": "FI", "phone": "+1 650-253-0000", "address": "1600 Amphitheatre Pkwy, Mountain View, CA 94043, USA", "email": "google@gmail.com", "note": "", "city": "Hanoi", "district": "1", "ward": ""}}, {"model": "order.order", "pk": 5, "fields": {"userprofile": 7, "order_id": "AX51Y475", "receiver": "L\u00ea Ki\u00ean", "order_date": "2017-02-03T13:25:12.948Z", "total_price": 0, "shipping": 0, "status": "FI", "phone": "01675459251", "address": "1600 Amphitheatre Pkwy, Mountain View, CA 94043, USA", "email": "dk1721996@gmail.com", "note": "", "city": "Saigon", "district": "2", "ward": ""}}, {"model": "order.order", "pk": 6, "fields": {"userprofile": 3, "order_id": "OGNYX536", "receiver": "L\u00ea Ki\u00ean", "order_date": "2017-02-10T07:44:58.843Z", "total_price": 0, "shipping": 0, "status": "FI", "phone": "+840123456789", "address": "123 ABC St.", "email": "dk1721996@yahoo.com.vn", "note": "", "city": "Saigon", "district": "2", "ward": ""}}, {"model": "order.order", "pk": 7, "fields": {"userprofile": 3, "order_id": "SORLDO37", "receiver": "L\u00ea Ki\u00ean", "order_date": "2017-02-10T07:48:53.944Z", "total_price": 0, "shipping": 0, "status": "FI", "phone": "+840123456789", "address": "124 La Trobe St, Melbourne VIC 3000, Australia", "email": "dk1721996@yahoo.com.vn", "note": "", "city": "Saigon", "district": "5", "ward": ""}}, {"model": "order.order", "pk": 8, "fields": {"userprofile": 3, "order_id": "8K09SD38", "receiver": "L\u00ea Ki\u00ean", "order_date": "2017-02-10T07:53:32.821Z", "total_price": 0, "shipping": 0, "status": "FI", "phone": "+840123456789", "address": "124 La Trobe St, Melbourne VIC 3000, Australia", "email": "dk1721996@yahoo.com.vn", "note": "", "city": "Saigon", "district": "3", "ward": ""}}, {"model": "order.itemorder", "pk": 1, "fields": {"order": 1, "item": 2, "quantity": 2, "is_reviewed": false}}, {"model": "order.itemorder", "pk": 2, "fields": {"order": 2, "item": 2, "quantity": 1, "is_reviewed": true}}, {"model": "order.itemorder", "pk": 3, "fields": {"order": 3, "item": 2, "quantity": 1, "is_reviewed": true}}, {"model": "order.itemorder", "pk": 4, "fields": {"order": 4, "item": 4, "quantity": 1, "is_reviewed": true}}, {"model": "order.itemorder", "pk": 5, "fields": {"order": 4, "item": 3, "quantity": 2, "is_reviewed": true}}, {"model": "order.itemorder", "pk": 6, "fields": {"order": 4, "item": 2, "quantity": 1, "is_reviewed": true}}, {"model": "order.itemorder", "pk": 7, "fields": {"order": 5, "item": 4, "quantity": 2, "is_reviewed": false}}, {"model": "order.itemorder", "pk": 8, "fields": {"order": 5, "item": 3, "quantity": 1, "is_reviewed": false}}, {"model": "order.itemorder", "pk": 9, "fields": {"order": 6, "item": 2, "quantity": 2, "is_reviewed": true}}, {"model": "order.itemorder", "pk": 10, "fields": {"order": 7, "item": 2, "quantity": 2, "is_reviewed": true}}, {"model": "order.itemorder", "pk": 11, "fields": {"order": 8, "item": 2, "quantity": 1, "is_reviewed": true}}, {"model": "reviews.review", "pk": 1, "fields": {"item": 2, "reviewer": 7, "content": "this shit is real", "rating": 5, "updated_time": "2017-02-01T18:44:26.761Z", "approved_comment": false}}, {"model": "reviews.review", "pk": 2, "fields": {"item": 2, "reviewer": 3, "content": "Lorem ipsum dolor sit amet, consectetur adipiscing elit, sed do eiusmod tempor incididunt ut labore et dolore magna aliqua. Ut enim ad minim veniam, quis nostrud exercitation ullamco laboris nisi ut aliquip ex ea commodo consequat. Duis aute irure dolor in reprehenderit in voluptate velit esse cillum dolore eu fugiat nulla pariatur.", "rating": 5, "updated_time": "2017-02-10T07:54:00.927Z", "approved_comment": false}}, {"model": "reviews.review", "pk": 3, "fields": {"item": 2, "reviewer": 8, "content": "A little bit greasy. hehe xd", "rating": 4, "updated_time": "2017-02-03T13:08:06.342Z", "approved_comment": false}}, {"model": "reviews.review", "pk": 4, "fields": {"item": 3, "reviewer": 8, "content": "Duis aute irure dolor in reprehenderit in voluptate velit esse cillum dolore eu fugiat nulla pariatur. Excepteur sint occaecat cupidatat non proident, sunt in culpa qui officia deserunt mollit anim id est laborum.", "rating": 4, "updated_time": "2017-02-03T13:10:12.100Z", "approved_comment": false}}, {"model": "reviews.review", "pk": 5, "fields": {"item": 4, "reviewer": 8, "content": "Lorem ipsum dolor sit amet, consectetur adipiscing elit, sed do eiusmod tempor incididunt ut labore et dolore magna aliqua. Ut enim ad minim veniam, quis nostrud exercitation ullamco laboris nisi ut aliquip ex ea commodo consequat.", "rating": 1, "updated_time": "2017-02-03T13:10:29.097Z", "approved_comment": false}}, {"model": "auth.user", "pk": 1, "fields": {"password": "pbkdf2_sha256$30000$kvwGxXsWBsxV$QZytKLransZQfkbXb1svyNxqoeRozegqn4S8Iu2jqA0=", "last_login": "2017-03-10T17:20:26.429Z", "is_superuser": true, "username": "dk", "first_name": "", "last_name": "", "email": "", "is_staff": true, "is_active": true, "date_joined": "2016-12-04T17:35:47.938Z", "groups": [], "user_permissions": []}}, {"model": "auth.user", "pk": 4, "fields": {"password": "!swQUEaJP7ycCeDxR12b4ob26DTGRYlWs9c2gAhU7", "last_login": "2017-03-10T17:03:10.225Z", "is_superuser": false, "username": "L\u00ea Ki\u00ean", "first_name": "Ki\u00ean", "last_name": "L\u00ea", "email": "dk1721996@yahoo.com.vn", "is_staff": false, "is_active": true, "date_joined": "2016-12-05T08:35:03.834Z", "groups": [], "user_permissions": []}}, {"model": "auth.user", "pk": 5, "fields": {"password": "!8pRugkdpLINhhiwUF4O0WWIstYSFOSe3rbjsZIx8", "last_login": "2017-03-10T17:19:55.485Z", "is_superuser": false, "username": "le", "first_name": "Le", "last_name": "Kien", "email": "dk172196@gmail.com", "is_staff": false, "is_active": true, "date_joined": "2016-12-05T08:43:17.231Z", "groups": [], "user_permissions": []}}, {"model": "auth.user", "pk": 8, "fields": {"password": "pbkdf2_sha256$30000$NQL0oTJloQtu$uuofHMmfpIbVHmcLMANWwr/tzshIYX0ObRClTKz9ac8=", "last_login": "2017-03-10T17:18:30.991Z", "is_superuser": false, "username": "lo", "first_name": "Lo", "last_name": "Lu", "email": "dk1721996@gmail.com", "is_staff": false, "is_active": true, "date_joined": "2016-12-18T14:53:50.778Z", "groups": [], "user_permissions": []}}, {"model": "sessions.session", "pk": "0h57nxqixvv69d8qifumvsh37gqta5j7", "fields": {"session_data": "M2MwNTA0NGNiNTRmMGRhN2QwYmY0NjgzNjAzZTlmZDYyOThiOTY1Nzp7Il9hdXRoX3VzZXJfaGFzaCI6IjFiODI0NzJmNzFiZWY2OWZkM2YyZDgxZjRjYjZiNTcwZjExMTk3ZGUiLCJfYXV0aF91c2VyX2JhY2tlbmQiOiJkamFuZ28uY29udHJpYi5hdXRoLmJhY2tlbmRzLk1vZGVsQmFja2VuZCIsIl9hdXRoX3VzZXJfaWQiOiIxIn0=", "expire_date": "2017-02-15T19:19:18.194Z"}}, {"model": "sessions.session", "pk": "1epi81d862ittqo2qotmi5xtbmq2g1is", "fields": {"session_data": "MGYzYjU5ODBiNWEyZGFkYTc2ODAyZDRlZGM0ZGNmYzA1ZThmMDM4YTp7Il9hdXRoX3VzZXJfaGFzaCI6IjhhMDI2OTc2ZjhjMjU2NTc4ZTc1NGU4N2QzNDZiNjAzOTAwZmI0NTgiLCJfYXV0aF91c2VyX2lkIjoiNCIsImNhcnQiOnt9LCJfYXV0aF91c2VyX2JhY2tlbmQiOiJhbGxhdXRoLmFjY291bnQuYXV0aF9iYWNrZW5kcy5BdXRoZW50aWNhdGlvbkJhY2tlbmQifQ==", "expire_date": "2017-02-19T10:03:46.441Z"}}, {"model": "sessions.session", "pk": "1g3g98ow2gud6gdscfwipairk0v4jo53", "fields": {"session_data": "OWE2MTRiZjQ4Y2IyYjRlNzY4MzE0OGRkMzRiNWY5YTJlZjQ5YmIzODp7fQ==", "expire_date": "2017-02-25T17:35:11.608Z"}}, {"model": "sessions.session", "pk": "2483o8q1xg9ibfa0f1wjthyfgkj6lppf", "fields": {"session_data": "Y2ZiYmFhYWU2NWI5MDY2MjMzYzE5MGZlZDQyNTYwMzczNDUyZTY4OTp7Il9hdXRoX3VzZXJfaWQiOiI0IiwiX2F1dGhfdXNlcl9oYXNoIjoiOGEwMjY5NzZmOGMyNTY1NzhlNzU0ZTg3ZDM0NmI2MDM5MDBmYjQ1OCIsIl9hdXRoX3VzZXJfYmFja2VuZCI6ImFsbGF1dGguYWNjb3VudC5hdXRoX2JhY2tlbmRzLkF1dGhlbnRpY2F0aW9uQmFja2VuZCJ9", "expire_date": "2017-02-24T07:44:24.975Z"}}, {"model": "sessions.session", "pk": "2uulkbbgztfccxqz2tx9hysbi55w0xhp", "fields": {"session_data": "ZjVhZGJmZWMxZDkxMTQ0YzkzY2QyOTZhZDVhMmRjNDhlYTZiMTYwNTp7InNvY2lhbGFjY291bnRfc3RhdGUiOlt7InByb2Nlc3MiOiJsb2dpbiIsInNjb3BlIjoiIiwiYXV0aF9wYXJhbXMiOiIifSwiYUVRQkwybGc1Z3F1Il0sIl9hdXRoX3VzZXJfYmFja2VuZCI6ImFsbGF1dGguYWNjb3VudC5hdXRoX2JhY2tlbmRzLkF1dGhlbnRpY2F0aW9uQmFja2VuZCIsIl9hdXRoX3VzZXJfaGFzaCI6IjUyNTgzMWZiYjg4YjJiMTJjNjJjYjIwYWQ2YmJlZGZiZWQyZTI0YWEiLCJfYXV0aF91c2VyX2lkIjoiOCIsImNhcnQiOnt9LCJfc2Vzc2lvbl9leHBpcnkiOjAsImluZm8iOnt9fQ==", "expire_date": "2017-02-17T13:25:13.327Z"}}, {"model": "sessions.session", "pk": "5ugo2grqjyut02ysfzj81qufxkxwq4ll", "fields": {"session_data": "MGI2OTVkOTgyYjhiNWQzMTVkZTQwNGZlN2U0NjMzY2I5N2ZmMTA3Yzp7Il9hdXRoX3VzZXJfaWQiOiIxIiwiX2F1dGhfdXNlcl9oYXNoIjoiMWI4MjQ3MmY3MWJlZjY5ZmQzZjJkODFmNGNiNmI1NzBmMTExOTdkZSIsIl9hdXRoX3VzZXJfYmFja2VuZCI6ImRqYW5nby5jb250cmliLmF1dGguYmFja2VuZHMuTW9kZWxCYWNrZW5kIn0=", "expire_date": "2017-02-24T07:45:12.404Z"}}, {"model": "sessions.session", "pk": "6iqxx2rrf0hnzz11hhz6wthaj0tm74i0", "fields": {"session_data": "MTE0MDFhOTU4MjI2NjQyMDAzNzQwM2ZiMzMxZmM0ZjljODA1NzhlNjp7ImluZm8iOnt9LCJfYXV0aF91c2VyX2lkIjoiNCIsIl9hdXRoX3VzZXJfYmFja2VuZCI6ImFsbGF1dGguYWNjb3VudC5hdXRoX2JhY2tlbmRzLkF1dGhlbnRpY2F0aW9uQmFja2VuZCIsImNhcnQiOnt9LCJfYXV0aF91c2VyX2hhc2giOiI4YTAyNjk3NmY4YzI1NjU3OGU3NTRlODdkMzQ2YjYwMzkwMGZiNDU4In0=", "expire_date": "2017-01-09T09:05:18.587Z"}}, {"model": "sessions.session", "pk": "77eplq7bssdynfj39gzc0becs3p6nqbl", "fields": {"session_data": "ZDA2NzExYzM1YjQxYjYxM2NjYjMzMzFjM2MxYmU1N2JlODU3MWY5OTp7Il9hdXRoX3VzZXJfaWQiOiI4IiwiX2F1dGhfdXNlcl9iYWNrZW5kIjoiYWxsYXV0aC5hY2NvdW50LmF1dGhfYmFja2VuZHMuQXV0aGVudGljYXRpb25CYWNrZW5kIiwiX2F1dGhfdXNlcl9oYXNoIjoiNTI1ODMxZmJiODhiMmIxMmM2MmNiMjBhZDZiYmVkZmJlZDJlMjRhYSJ9", "expire_date": "2017-02-17T18:21:14.185Z"}}, {"model": "sessions.session", "pk": "8c46gftuldnycku0wmd6k9dfkag12uj0", "fields": {"session_data": "ZDg2MjUxOWQwNjc1YTdlMzhhM2JjZjQxMTE2NWFjNDkzYzViZWVkZDp7Il9hdXRoX3VzZXJfYmFja2VuZCI6ImFsbGF1dGguYWNjb3VudC5hdXRoX2JhY2tlbmRzLkF1dGhlbnRpY2F0aW9uQmFja2VuZCIsIl9zZXNzaW9uX2V4cGlyeSI6MCwiX2F1dGhfdXNlcl9oYXNoIjoiY2E0MjY4ZjY1ZjU5OTI2ZmNmZTNmM2Y0ZTM0YjkyYTU4M2NkZWMyNiIsIl9hdXRoX3VzZXJfaWQiOiI2In0=", "expire_date": "2016-12-25T15:54:56.868Z"}}, {"model": "sessions.session", "pk": "94cok44lxae2q4zmv1wgyo1a04kgaesn", "fields": {"session_data": "YzBkMDVmYWMxYmMxMWRhMmRjOGM3M2E5NDNkYmFjZjUzODZhZjZiNTp7Il9hdXRoX3VzZXJfaGFzaCI6IjhhMDI2OTc2ZjhjMjU2NTc4ZTc1NGU4N2QzNDZiNjAzOTAwZmI0NTgiLCJfYXV0aF91c2VyX2JhY2tlbmQiOiJhbGxhdXRoLmFjY291bnQuYXV0aF9iYWNrZW5kcy5BdXRoZW50aWNhdGlvbkJhY2tlbmQiLCJfYXV0aF91c2VyX2lkIjoiNCJ9", "expire_date": "2017-02-15T18:01:09.949Z"}}, {"model": "sessions.session", "pk": "aa9gzuh21gqkuo7wy95prda94h7biaxm", "fields": {"session_data": "ZDc0NTdlMTNiMGExYmRkMGY5OGFkMzM4OWViYzMwNzkxY2Q2ZmE1Zjp7Il9hdXRoX3VzZXJfYmFja2VuZCI6ImRqYW5nby5jb250cmliLmF1dGguYmFja2VuZHMuTW9kZWxCYWNrZW5kIiwiX2F1dGhfdXNlcl9pZCI6IjEiLCJfYXV0aF91c2VyX2hhc2giOiIxYjgyNDcyZjcxYmVmNjlmZDNmMmQ4MWY0Y2I2YjU3MGYxMTE5N2RlIn0=", "expire_date": "2017-02-25T19:02:09.771Z"}}, {"model": "sessions.session", "pk": "aquns893bhsxadyep4qph6wtrg1ddiyv", "fields": {"session_data": "MGI2OTVkOTgyYjhiNWQzMTVkZTQwNGZlN2U0NjMzY2I5N2ZmMTA3Yzp7Il9hdXRoX3VzZXJfaWQiOiIxIiwiX2F1dGhfdXNlcl9oYXNoIjoiMWI4MjQ3MmY3MWJlZjY5ZmQzZjJkODFmNGNiNmI1NzBmMTExOTdkZSIsIl9hdXRoX3VzZXJfYmFja2VuZCI6ImRqYW5nby5jb250cmliLmF1dGguYmFja2VuZHMuTW9kZWxCYWNrZW5kIn0=", "expire_date": "2016-12-19T08:13:57.439Z"}}, {"model": "sessions.session", "pk": "bjbbsejd2klpm8fjh6yrmgu4swjvfjb1", "fields": {"session_data": "ZDc0NTdlMTNiMGExYmRkMGY5OGFkMzM4OWViYzMwNzkxY2Q2ZmE1Zjp7Il9hdXRoX3VzZXJfYmFja2VuZCI6ImRqYW5nby5jb250cmliLmF1dGguYmFja2VuZHMuTW9kZWxCYWNrZW5kIiwiX2F1dGhfdXNlcl9pZCI6IjEiLCJfYXV0aF91c2VyX2hhc2giOiIxYjgyNDcyZjcxYmVmNjlmZDNmMmQ4MWY0Y2I2YjU3MGYxMTE5N2RlIn0=", "expire_date": "2017-01-01T14:53:00.879Z"}}, {"model": "sessions.session", "pk": "bpepl9vx7yz6kozz3xw9lsweg0dt9bjw", "fields": {"session_data": "YTkyY2QxN2I2MmE3N2YzZDM4OWM3ZTBkNGQ3NDE3ODVmYmJhNTNkNDp7Il9hdXRoX3VzZXJfaWQiOiI1IiwiX2F1dGhfdXNlcl9iYWNrZW5kIjoiYWxsYXV0aC5hY2NvdW50LmF1dGhfYmFja2VuZHMuQXV0aGVudGljYXRpb25CYWNrZW5kIiwiX2F1dGhfdXNlcl9oYXNoIjoiMDY3YTE3YzczNGU1ZjAyNjVhMGQ3MmM1ZWMyZDA5YThjMGM3MjM4ZiJ9", "expire_date": "2017-03-24T17:19:55.491Z"}}, {"model": "sessions.session", "pk": "c35egd6zeyeeyosyk1oo52hdg33pyzbe", "fields": {"session_data": "Njg1NzgxMWNmMjFkZWIwY2YzMTE2ZDc1YTkwMmNiMDY4OTI1ZTY0Mzp7Il9hdXRoX3VzZXJfaWQiOiI0IiwiX2F1dGhfdXNlcl9iYWNrZW5kIjoiYWxsYXV0aC5hY2NvdW50LmF1dGhfYmFja2VuZHMuQXV0aGVudGljYXRpb25CYWNrZW5kIiwiX2F1dGhfdXNlcl9oYXNoIjoiOGEwMjY5NzZmOGMyNTY1NzhlNzU0ZTg3ZDM0NmI2MDM5MDBmYjQ1OCJ9", "expire_date": "2017-02-13T08:56:00.084Z"}}, {"model": "sessions.session", "pk": "d5ygmqa1t86jjrkyc89e9ncr791onare", "fields": {"session_data": "ZTViNWRlZjZkYTNmZmQ3MzA3NDM1ZGJmZTgzMjY5YzI2ZmViMWE5YTp7Il9hdXRoX3VzZXJfaWQiOiI4IiwiX2F1dGhfdXNlcl9iYWNrZW5kIjoiYWxsYXV0aC5hY2NvdW50LmF1dGhfYmFja2VuZHMuQXV0aGVudGljYXRpb25CYWNrZW5kIiwiX2F1dGhfdXNlcl9oYXNoIjoiNTI1ODMxZmJiODhiMmIxMmM2MmNiMjBhZDZiYmVkZmJlZDJlMjRhYSIsIl9zZXNzaW9uX2V4cGlyeSI6MH0=", "expire_date": "2017-02-17T18:16:55.049Z"}}, {"model": "sessions.session", "pk": "et3tizrue62csmp23b7htjxz16k5vuza", "fields": {"session_data": "ZGM1NWYzYTNiODMxOTBkYWE5MThhNTI1N2U1OGRmYjBhOTMyZjQxZTp7Il9hdXRoX3VzZXJfaWQiOiIyIiwiX2F1dGhfdXNlcl9oYXNoIjoiNmQ4MjAxMGU0Yjg0ODk1NWFmMzdmOGJjZDI0YzJjMWRkN2Y0OTZkYyIsIl9hdXRoX3VzZXJfYmFja2VuZCI6ImFsbGF1dGguYWNjb3VudC5hdXRoX2JhY2tlbmRzLkF1dGhlbnRpY2F0aW9uQmFja2VuZCJ9", "expire_date": "2016-12-19T08:15:48.627Z"}}, {"model": "sessions.session", "pk": "fpqzrks9ujfy46crtt65koq48y7znpj1", "fields": {"session_data": "ZDA2NzExYzM1YjQxYjYxM2NjYjMzMzFjM2MxYmU1N2JlODU3MWY5OTp7Il9hdXRoX3VzZXJfaWQiOiI4IiwiX2F1dGhfdXNlcl9iYWNrZW5kIjoiYWxsYXV0aC5hY2NvdW50LmF1dGhfYmFja2VuZHMuQXV0aGVudGljYXRpb25CYWNrZW5kIiwiX2F1dGhfdXNlcl9oYXNoIjoiNTI1ODMxZmJiODhiMmIxMmM2MmNiMjBhZDZiYmVkZmJlZDJlMjRhYSJ9", "expire_date": "2017-02-17T08:46:47.698Z"}}, {"model": "sessions.session", "pk": "gm9iwodddfk34l6egq8r22b8ptr53vzy", "fields": {"session_data": "YmI5YzlmZjU4YzJiY2E1NmQ2NDFhZjhlZTU2NDQ0ZDA0MDQyNDBjNzp7Il9hdXRoX3VzZXJfaWQiOiI4IiwiX3Nlc3Npb25fZXhwaXJ5IjowLCJfYXV0aF91c2VyX2JhY2tlbmQiOiJhbGxhdXRoLmFjY291bnQuYXV0aF9iYWNrZW5kcy5BdXRoZW50aWNhdGlvbkJhY2tlbmQiLCJfYXV0aF91c2VyX2hhc2giOiI1MjU4MzFmYmI4OGIyYjEyYzYyY2IyMGFkNmJiZWRmYmVkMmUyNGFhIn0=", "expire_date": "2017-02-17T19:33:49.948Z"}}, {"model": "sessions.session", "pk": "iam53ta8rstoimak0tu9atey3a2iik1u", "fields": {"session_data": "YzBkMDVmYWMxYmMxMWRhMmRjOGM3M2E5NDNkYmFjZjUzODZhZjZiNTp7Il9hdXRoX3VzZXJfaGFzaCI6IjhhMDI2OTc2ZjhjMjU2NTc4ZTc1NGU4N2QzNDZiNjAzOTAwZmI0NTgiLCJfYXV0aF91c2VyX2JhY2tlbmQiOiJhbGxhdXRoLmFjY291bnQuYXV0aF9iYWNrZW5kcy5BdXRoZW50aWNhdGlvbkJhY2tlbmQiLCJfYXV0aF91c2VyX2lkIjoiNCJ9", "expire_date": "2017-01-07T18:26:19.569Z"}}, {"model": "sessions.session", "pk": "k04upvon4153f63npgdong2m56mpl0fr", "fields": {"session_data": "ZjY3YWM3MWFmMDYyZTFmZTVlNjUzODRiMzA0YjBkNzdlM2NiMmYwYTp7Il9hdXRoX3VzZXJfaGFzaCI6IjhhMDI2OTc2ZjhjMjU2NTc4ZTc1NGU4N2QzNDZiNjAzOTAwZmI0NTgiLCJfYXV0aF91c2VyX2lkIjoiNCIsImNhcnQiOnsiMiI6MX0sIl9hdXRoX3VzZXJfYmFja2VuZCI6ImFsbGF1dGguYWNjb3VudC5hdXRoX2JhY2tlbmRzLkF1dGhlbnRpY2F0aW9uQmFja2VuZCJ9", "expire_date": "2017-03-08T01:01:37.251Z"}}, {"model": "sessions.session", "pk": "kaibqytfw38ixdx0mdnqiq3n138u3bvk", "fields": {"session_data": "ZTViNWRlZjZkYTNmZmQ3MzA3NDM1ZGJmZTgzMjY5YzI2ZmViMWE5YTp7Il9hdXRoX3VzZXJfaWQiOiI4IiwiX2F1dGhfdXNlcl9iYWNrZW5kIjoiYWxsYXV0aC5hY2NvdW50LmF1dGhfYmFja2VuZHMuQXV0aGVudGljYXRpb25CYWNrZW5kIiwiX2F1dGhfdXNlcl9oYXNoIjoiNTI1ODMxZmJiODhiMmIxMmM2MmNiMjBhZDZiYmVkZmJlZDJlMjRhYSIsIl9zZXNzaW9uX2V4cGlyeSI6MH0=", "expire_date": "2017-02-17T18:12:13.739Z"}}, {"model": "sessions.session", "pk": "kyljq4epm11e3zy2dnb8mh6vm7lvnr0d", "fields": {"session_data": "YmY0NjY2OWUxZDliMmY2Y2Y5YmQ4ZGI0NzBhMTkwM2Q2MTYxM2E2Yjp7Il9hdXRoX3VzZXJfaWQiOiIxIiwiX2F1dGhfdXNlcl9iYWNrZW5kIjoiZGphbmdvLmNvbnRyaWIuYXV0aC5iYWNrZW5kcy5Nb2RlbEJhY2tlbmQiLCJfYXV0aF91c2VyX2hhc2giOiIxYjgyNDcyZjcxYmVmNjlmZDNmMmQ4MWY0Y2I2YjU3MGYxMTE5N2RlIn0=", "expire_date": "2017-03-24T17:08:02.564Z"}}, {"model": "sessions.session", "pk": "mq343s7kuzd2dquw6abyeupxxw5u71oc", "fields": {"session_data": "YmI5YzlmZjU4YzJiY2E1NmQ2NDFhZjhlZTU2NDQ0ZDA0MDQyNDBjNzp7Il9hdXRoX3VzZXJfaWQiOiI4IiwiX3Nlc3Npb25fZXhwaXJ5IjowLCJfYXV0aF91c2VyX2JhY2tlbmQiOiJhbGxhdXRoLmFjY291bnQuYXV0aF9iYWNrZW5kcy5BdXRoZW50aWNhdGlvbkJhY2tlbmQiLCJfYXV0aF91c2VyX2hhc2giOiI1MjU4MzFmYmI4OGIyYjEyYzYyY2IyMGFkNmJiZWRmYmVkMmUyNGFhIn0=", "expire_date": "2017-02-17T19:36:14.945Z"}}, {"model": "sessions.session", "pk": "oubwkns4dws1adqyc1vlicg4n96jizsy", "fields": {"session_data": "OGQxZGVkN2YyZmRjNWIxYjVkMGMxMzY2YTllZTJkNDgxODM1ZWZhMDp7Il9zZXNzaW9uX2V4cGlyeSI6MCwiX2F1dGhfdXNlcl9iYWNrZW5kIjoiYWxsYXV0aC5hY2NvdW50LmF1dGhfYmFja2VuZHMuQXV0aGVudGljYXRpb25CYWNrZW5kIiwiX2F1dGhfdXNlcl9pZCI6IjgiLCJfYXV0aF91c2VyX2hhc2giOiI1MjU4MzFmYmI4OGIyYjEyYzYyY2IyMGFkNmJiZWRmYmVkMmUyNGFhIn0=", "expire_date": "2017-01-01T15:01:37.003Z"}}, {"model": "sessions.session", "pk": "p6k12qqi1fwsbuut4ao7lgpkgpqbu2vo", "fields": {"session_data": "NGU5ZWE0MmRhNWZmMTUzZjc5YjJiZTM2OTJkYjU3ZmZiMzM5NWQ3Nzp7Il9hdXRoX3VzZXJfaGFzaCI6IjFiODI0NzJmNzFiZWY2OWZkM2YyZDgxZjRjYjZiNTcwZjExMTk3ZGUiLCJfYXV0aF91c2VyX2lkIjoiMSIsIl9hdXRoX3VzZXJfYmFja2VuZCI6ImRqYW5nby5jb250cmliLmF1dGguYmFja2VuZHMuTW9kZWxCYWNrZW5kIn0=", "expire_date": "2016-12-18T17:35:51.039Z"}}, {"model": "sessions.session", "pk": "p7qfxkyemngjv5yqqez8rkz0a7lc366m", "fields": {"session_data": "Njg4ODdlY2Y2YjAyMzk4MTUzNDkyOTUxYmY3NWZmZGY0ODQ4NzZmODp7Il9hdXRoX3VzZXJfYmFja2VuZCI6ImRqYW5nby5jb250cmliLmF1dGguYmFja2VuZHMuTW9kZWxCYWNrZW5kIiwiX2F1dGhfdXNlcl9oYXNoIjoiMWI4MjQ3MmY3MWJlZjY5ZmQzZjJkODFmNGNiNmI1NzBmMTExOTdkZSIsIl9hdXRoX3VzZXJfaWQiOiIxIn0=", "expire_date": "2017-02-27T13:35:41.796Z"}}, {"model": "sessions.session", "pk": "paq5v2xx82z149v7dhq5hlhoq2q8jyjo", "fields": {"session_data": "Y2ZiYmFhYWU2NWI5MDY2MjMzYzE5MGZlZDQyNTYwMzczNDUyZTY4OTp7Il9hdXRoX3VzZXJfaWQiOiI0IiwiX2F1dGhfdXNlcl9oYXNoIjoiOGEwMjY5NzZmOGMyNTY1NzhlNzU0ZTg3ZDM0NmI2MDM5MDBmYjQ1OCIsIl9hdXRoX3VzZXJfYmFja2VuZCI6ImFsbGF1dGguYWNjb3VudC5hdXRoX2JhY2tlbmRzLkF1dGhlbnRpY2F0aW9uQmFja2VuZCJ9", "expire_date": "2017-02-27T18:15:57.009Z"}}, {"model": "sessions.session", "pk": "q0wuj0d6hxbp7hlr68germhdb56bl4i3", "fields": {"session_data": "ZTViNWRlZjZkYTNmZmQ3MzA3NDM1ZGJmZTgzMjY5YzI2ZmViMWE5YTp7Il9hdXRoX3VzZXJfaWQiOiI4IiwiX2F1dGhfdXNlcl9iYWNrZW5kIjoiYWxsYXV0aC5hY2NvdW50LmF1dGhfYmFja2VuZHMuQXV0aGVudGljYXRpb25CYWNrZW5kIiwiX2F1dGhfdXNlcl9oYXNoIjoiNTI1ODMxZmJiODhiMmIxMmM2MmNiMjBhZDZiYmVkZmJlZDJlMjRhYSIsIl9zZXNzaW9uX2V4cGlyeSI6MH0=", "expire_date": "2017-02-17T13:27:55.971Z"}}, {"model": "sessions.session", "pk": "t60a67y1xvrl69g2bgzp6larwqlr6hn0", "fields": {"session_data": "M2MwNTA0NGNiNTRmMGRhN2QwYmY0NjgzNjAzZTlmZDYyOThiOTY1Nzp7Il9hdXRoX3VzZXJfaGFzaCI6IjFiODI0NzJmNzFiZWY2OWZkM2YyZDgxZjRjYjZiNTcwZjExMTk3ZGUiLCJfYXV0aF91c2VyX2JhY2tlbmQiOiJkamFuZ28uY29udHJpYi5hdXRoLmJhY2tlbmRzLk1vZGVsQmFja2VuZCIsIl9hdXRoX3VzZXJfaWQiOiIxIn0=", "expire_date": "2017-01-29T15:30:29.535Z"}}, {"model": "sessions.session", "pk": "tpbed3f8y183xlqr6dceuzbbhgrzmm5z", "fields": {"session_data": "ZDA2NzExYzM1YjQxYjYxM2NjYjMzMzFjM2MxYmU1N2JlODU3MWY5OTp7Il9hdXRoX3VzZXJfaWQiOiI4IiwiX2F1dGhfdXNlcl9iYWNrZW5kIjoiYWxsYXV0aC5hY2NvdW50LmF1dGhfYmFja2VuZHMuQXV0aGVudGljYXRpb25CYWNrZW5kIiwiX2F1dGhfdXNlcl9oYXNoIjoiNTI1ODMxZmJiODhiMmIxMmM2MmNiMjBhZDZiYmVkZmJlZDJlMjRhYSJ9", "expire_date": "2017-03-24T16:57:54.731Z"}}, {"model": "sessions.session", "pk": "ttv20pklj8ge0bmdacylkybep86ruf8k", "fields": {"session_data": "ZDc0NTdlMTNiMGExYmRkMGY5OGFkMzM4OWViYzMwNzkxY2Q2ZmE1Zjp7Il9hdXRoX3VzZXJfYmFja2VuZCI6ImRqYW5nby5jb250cmliLmF1dGguYmFja2VuZHMuTW9kZWxCYWNrZW5kIiwiX2F1dGhfdXNlcl9pZCI6IjEiLCJfYXV0aF91c2VyX2hhc2giOiIxYjgyNDcyZjcxYmVmNjlmZDNmMmQ4MWY0Y2I2YjU3MGYxMTE5N2RlIn0=", "expire_date": "2017-02-25T17:27:50.040Z"}}, {"model": "sessions.session", "pk": "uioaa3wdf9eqkmjdcg1hlimov95n8rye", "fields": {"session_data": "NWNmMzE0OTY2M2U0NGE3NWFhNDk4ODJjY2E2OTYxYzFiMTNhNGRlZDp7Il9hdXRoX3VzZXJfYmFja2VuZCI6ImFsbGF1dGguYWNjb3VudC5hdXRoX2JhY2tlbmRzLkF1dGhlbnRpY2F0aW9uQmFja2VuZCIsIl9hdXRoX3VzZXJfaWQiOiI4IiwiX2F1dGhfdXNlcl9oYXNoIjoiNTI1ODMxZmJiODhiMmIxMmM2MmNiMjBhZDZiYmVkZmJlZDJlMjRhYSJ9", "expire_date": "2017-02-25T18:23:55.351Z"}}, {"model": "sessions.session", "pk": "uynqzflxtork0wcwrt7v6cddvwrif0y4", "fields": {"session_data": "YmI5YzlmZjU4YzJiY2E1NmQ2NDFhZjhlZTU2NDQ0ZDA0MDQyNDBjNzp7Il9hdXRoX3VzZXJfaWQiOiI4IiwiX3Nlc3Npb25fZXhwaXJ5IjowLCJfYXV0aF91c2VyX2JhY2tlbmQiOiJhbGxhdXRoLmFjY291bnQuYXV0aF9iYWNrZW5kcy5BdXRoZW50aWNhdGlvbkJhY2tlbmQiLCJfYXV0aF91c2VyX2hhc2giOiI1MjU4MzFmYmI4OGIyYjEyYzYyY2IyMGFkNmJiZWRmYmVkMmUyNGFhIn0=", "expire_date": "2017-02-17T19:04:27.021Z"}}, {"model": "sessions.session", "pk": "v3q4jqxax3kokqi18j5qklsgyonvw8wc", "fields": {"session_data": "OWRkMDM5NzUyZDRiYWRmZDNhOGQ0MzcyMzI1MjU1MGQyMGNiZDMyOTp7InNvY2lhbGFjY291bnRfc3RhdGUiOlt7InNjb3BlIjoiIiwicHJvY2VzcyI6ImxvZ2luIiwiYXV0aF9wYXJhbXMiOiIifSwib2kya3RuSllZSFNPIl19", "expire_date": "2017-01-29T15:22:55.051Z"}}, {"model": "sessions.session", "pk": "vxxln4p4ntvlwl16vbno7qbzswkmuhmq", "fields": {"session_data": "YmY0NjY2OWUxZDliMmY2Y2Y5YmQ4ZGI0NzBhMTkwM2Q2MTYxM2E2Yjp7Il9hdXRoX3VzZXJfaWQiOiIxIiwiX2F1dGhfdXNlcl9iYWNrZW5kIjoiZGphbmdvLmNvbnRyaWIuYXV0aC5iYWNrZW5kcy5Nb2RlbEJhY2tlbmQiLCJfYXV0aF91c2VyX2hhc2giOiIxYjgyNDcyZjcxYmVmNjlmZDNmMmQ4MWY0Y2I2YjU3MGYxMTE5N2RlIn0=", "expire_date": "2017-03-24T17:20:26.431Z"}}, {"model": "sessions.session", "pk": "zf0ojks8pobh2ina4s6boyfoeqjv7rfv", "fields": {"session_data": "MGI2OTVkOTgyYjhiNWQzMTVkZTQwNGZlN2U0NjMzY2I5N2ZmMTA3Yzp7Il9hdXRoX3VzZXJfaWQiOiIxIiwiX2F1dGhfdXNlcl9oYXNoIjoiMWI4MjQ3MmY3MWJlZjY5ZmQzZjJkODFmNGNiNmI1NzBmMTExOTdkZSIsIl9hdXRoX3VzZXJfYmFja2VuZCI6ImRqYW5nby5jb250cmliLmF1dGguYmFja2VuZHMuTW9kZWxCYWNrZW5kIn0=", "expire_date": "2017-01-09T08:28:41.336Z"}}, {"model": "sites.site", "pk": 2, "fields": {"domain": "localhost:8000", "name": "DK"}}, {"model": "sites.site", "pk": 3, "fields": {"domain": "http://127.0.0.1:8000", "name": "DK"}}, {"model": "account.emailaddress", "pk": 3, "fields": {"user": 4, "email": "dk1721996@yahoo.com.vn", "verified": false, "primary": true}}, {"model": "account.emailaddress", "pk": 4, "fields": {"user": 5, "email": "dk172196@gmail.com", "verified": true, "primary": true}}, {"model": "account.emailaddress", "pk": 7, "fields": {"user": 8, "email": "dk1721996@gmail.com", "verified": false, "primary": true}}, {"model": "socialaccount.socialapp", "pk": 1, "fields": {"provider": "google", "name": "Google", "client_id": "280154067537-hjmm1unh6j1u4amlka91hanibenhd2ev.apps.googleusercontent.com", "secret": "ev4f-XC1taW84kVl3ZTDbYB5", "key": "", "sites": [3, 2]}}, {"model": "socialaccount.socialapp", "pk": 2, "fields": {"provider": "facebook", "name": "Facebook", "client_id": "1735709893344808", "secret": "a764d464bd8609806cf0d93275007bf0", "key": "", "sites": [3, 2]}}, {"model": "socialaccount.socialaccount", "pk": 3, "fields": {"user": 4, "provider": "facebook", "uid": "1311572145550120", "last_login": "2017-03-10T17:03:10.199Z", "date_joined": "2016-12-05T08:35:03.894Z", "extra_data": "{\"id\": \"1311572145550120\", \"email\": \"dk1721996@yahoo.com.vn\", \"name\": \"L\\u00ea Ki\\u00ean\", \"first_name\": \"Ki\\u00ean\", \"last_name\": \"L\\u00ea\", \"verified\": true, \"locale\": \"en_US\", \"timezone\": 7, \"link\": \"https://www.facebook.com/app_scoped_user_id/1311572145550120/\", \"gender\": \"male\", \"updated_time\": \"2017-03-10T16:31:45+0000\"}"}}, {"model": "socialaccount.socialaccount", "pk": 4, "fields": {"user": 5, "provider": "google", "uid": "114555324763442694850", "last_login": "2017-03-10T17:19:55.475Z", "date_joined": "2016-12-05T08:43:17.288Z", "extra_data": "{\"id\": \"114555324763442694850\", \"email\": \"dk172196@gmail.com\", \"verified_email\": true, \"name\": \"Le Kien\", \"given_name\": \"Le\", \"family_name\": \"Kien\", \"link\": \"https://plus.google.com/114555324763442694850\", \"picture\": \"https://lh3.googleusercontent.com/-XdUIqdMkCWA/AAAAAAAAAAI/AAAAAAAAAAA/4252rscbv5M/photo.jpg\", \"gender\": \"male\", \"locale\": \"en-GB\"}"}}, {"model": "socialaccount.socialaccount", "pk": 5, "fields": {"user": 8, "provider": "facebook", "uid": "1062904793825477", "last_login": "2017-03-10T17:18:30.982Z", "date_joined": "2017-02-01T18:37:17.276Z", "extra_data": "{\"id\": \"1062904793825477\", \"email\": \"dk1721996@gmail.com\", \"name\": \"L\\u00ea Ki\\u00ean\", \"first_name\": \"Ki\\u00ean\", \"last_name\": \"L\\u00ea\", \"verified\": true, \"locale\": \"en_GB\", \"timezone\": 7, \"link\": \"https://www.facebook.com/app_scoped_user_id/1062904793825477/\", \"gender\": \"male\", \"updated_time\": \"2017-03-10T16:57:32+0000\"}"}}, {"model": "socialaccount.socialtoken", "pk": 3, "fields": {"app": 2, "account": 3, "token": "EAAYqnnOgPigBAOcxYjZBEFsBHegsB6zeJpDuhCOj8moucMwIybXdwSccVrHNVeOupGpqoZCpKxUYt3htZAlpffFETi3HQioL8Ww2XbbmYpfNzAlUiBMG3IVG0tSSSL3ZAlMzbTOUYkasTIVY6g17rvR2ObNaZBSm8m7fPzESumuAWZC41CkZBvVmj9gf7GgSYQZD", "token_secret": "", "expires_at": "2017-05-09T16:45:25.854Z"}}, {"model": "socialaccount.socialtoken", "pk": 4, "fields": {"app": 1, "account": 4, "token": "ya29.GlsKBDZrVIExRmNq0CXEltzoELqpyQ_obmBHVdwfksCyp0872y8rFgED4PyLet4hmJ122PS21IhcsCOHewRHEoptUpKr-g0xeS5ulCeMKO6wwjcdOP4re8icG510", "token_secret": "", "expires_at": "2017-03-10T18:19:54.428Z"}}, {"model": "socialaccount.socialtoken", "pk": 5, "fields": {"app": 2, "account": 5, "token": "EAAYqnnOgPigBAKitWRKc3R6nCMZBoapmlJr2oiTxpXJAzS7I5ZBfRIqzw1Gd4naSRFIqgeBmDRIuNmD0ZBY8ZCzqOkaYowZBM0hrSRZAa6lODiuzKC5IFyhfWP8apP2EvWZChYfhUpVxfO4cwH3Mh4ZCWDML0KsM5ABoRUObt8ZAFiHfIpk7hvky89yJSKgCyEdUZD", "token_secret": "", "expires_at": "2017-05-09T16:56:59.441Z"}}, {"model": "actstream.action", "pk": 1, "fields": {"actor_content_type": 1, "actor_object_id": "3", "verb": "is created", "description": null, "target_content_type": null, "target_object_id": null, "action_object_content_type": 5, "action_object_object_id": "1", "timestamp": "2016-12-26T09:05:18.486Z", "public": true, "data": null}}, {"model": "actstream.action", "pk": 2, "fields": {"actor_content_type": 1, "actor_object_id": "7", "verb": "is created", "description": null, "target_content_type": null, "target_object_id": null, "action_object_content_type": 5, "action_object_object_id": "2", "timestamp": "2017-02-01T18:42:58.472Z", "public": true, "data": null}}, {"model": "actstream.action", "pk": 3, "fields": {"actor_content_type": 5, "actor_object_id": "2", "verb": "is changed", "description": null, "target_content_type": 1, "target_object_id": "7", "action_object_content_type": 5, "action_object_object_id": "2", "timestamp": "2017-02-01T18:43:38.325Z", "public": true, "data": "{\"status\":\"Finished\"}"}}, {"model": "actstream.action", "pk": 4, "fields": {"actor_content_type": 1, "actor_object_id": "3", "verb": "is created", "description": null, "target_content_type": null, "target_object_id": null, "action_object_content_type": 5, "action_object_object_id": "3", "timestamp": "2017-02-01T19:19:01.996Z", "public": true, "data": null}}, {"model": "actstream.action", "pk": 5, "fields": {"actor_content_type": 5, "actor_object_id": "3", "verb": "is changed", "description": null, "target_content_type": 1, "target_object_id": "3", "action_object_content_type": 5, "action_object_object_id": "3", "timestamp": "2017-02-01T19:19:26.641Z", "public": true, "data": "{\"status\":\"Finished\"}"}}, {"model": "actstream.action", "pk": 6, "fields": {"actor_content_type": 1, "actor_object_id": "8", "verb": "is created", "description": null, "target_content_type": null, "target_object_id": null, "action_object_content_type": 5, "action_object_object_id": "4", "timestamp": "2017-02-03T13:06:16.737Z", "public": true, "data": null}}, {"model": "actstream.action", "pk": 7, "fields": {"actor_content_type": 5, "actor_object_id": "4", "verb": "is changed", "description": null, "target_content_type": 1, "target_object_id": "8", "action_object_content_type": 5, "action_object_object_id": "4", "timestamp": "2017-02-03T13:06:39.785Z", "public": true, "data": "{\"status\":\"Finished\"}"}}, {"model": "actstream.action", "pk": 8, "fields": {"actor_content_type": 1, "actor_object_id": "7", "verb": "is created", "description": null, "target_content_type": null, "target_object_id": null, "action_object_content_type": 5, "action_object_object_id": "5", "timestamp": "2017-02-03T13:25:13.066Z", "public": true, "data": null}}, {"model": "actstream.action", "pk": 9, "fields": {"actor_content_type": 5, "actor_object_id": "5", "verb": "is changed", "description": null, "target_content_type": 1, "target_object_id": "7", "action_object_content_type": 5, "action_object_object_id": "5", "timestamp": "2017-02-03T13:25:34.273Z", "public": true, "data": "{\"status\":\"Finished\"}"}}, {"model": "actstream.action", "pk": 10, "fields": {"actor_content_type": 1, "actor_object_id": "3", "verb": "is created", "description": null, "target_content_type": null, "target_object_id": null, "action_object_content_type": 5, "action_object_object_id": "6", "timestamp": "2017-02-10T07:44:58.940Z", "public": true, "data": null}}, {"model": "actstream.action", "pk": 11, "fields": {"actor_content_type": 5, "actor_object_id": "6", "verb": "is changed", "description": null, "target_content_type": 1, "target_object_id": "3", "action_object_content_type": 5, "action_object_object_id": "6", "timestamp": "2017-02-10T07:45:26.157Z", "public": true, "data": "{\"status\":\"Finished\"}"}}, {"model": "actstream.action", "pk": 12, "fields": {"actor_content_type": 1, "actor_object_id": "3", "verb": "is created", "description": null, "target_content_type": null, "target_object_id": null, "action_object_content_type": 5, "action_object_object_id": "7", "timestamp": "2017-02-10T07:48:54.107Z", "public": true, "data": null}}, {"model": "actstream.action", "pk": 13, "fields": {"actor_content_type": 5, "actor_object_id": "7", "verb": "is changed", "description": null, "target_content_type": 1, "target_object_id": "3", "action_object_content_type": 5, "action_object_object_id": "7", "timestamp": "2017-02-10T07:49:06.782Z", "public": true, "data": "{\"status\":\"Finished\"}"}}, {"model": "actstream.action", "pk": 14, "fields": {"actor_content_type": 1, "actor_object_id": "3", "verb": "is created", "description": null, "target_content_type": null, "target_object_id": null, "action_object_content_type": 5, "action_object_object_id": "8", "timestamp": "2017-02-10T07:53:33.026Z", "public": true, "data": null}}, {"model": "actstream.action", "pk": 15, "fields": {"actor_content_type": 5, "actor_object_id": "8", "verb": "is changed", "description": null, "target_content_type": 1, "target_object_id": "3", "action_object_content_type": 5, "action_object_object_id": "8", "timestamp": "2017-02-10T07:53:43.075Z", "public": true, "data": "{\"status\":\"Finished\"}"}}, {"model": "admin.logentry", "pk": 1, "fields": {"action_time": "2016-12-04T17:36:29.200Z", "user": 1, "content_type": 17, "object_id": "1", "object_repr": "Google", "action_flag": 1, "change_message": "[{\"added\": {}}]"}}, {"model": "admin.logentry", "pk": 2, "fields": {"action_time": "2016-12-04T17:36:44.602Z", "user": 1, "content_type": 17, "object_id": "2", "object_repr": "Facebook", "action_flag": 1, "change_message": "[{\"added\": {}}]"}}, {"model": "admin.logentry", "pk": 3, "fields": {"action_time": "2016-12-04T17:37:08.316Z", "user": 1, "content_type": 13, "object_id": "2", "object_repr": "localhost:8000", "action_flag": 2, "change_message": "[{\"changed\": {\"fields\": [\"domain\", \"name\"]}}]"}}, {"model": "admin.logentry", "pk": 4, "fields": {"action_time": "2016-12-04T17:58:38.427Z", "user": 1, "content_type": 1, "object_id": "1", "object_repr": "kien's profile", "action_flag": 2, "change_message": "[{\"changed\": {\"fields\": [\"is_shop\"]}}]"}}, {"model": "admin.logentry", "pk": 5, "fields": {"action_time": "2016-12-05T08:34:56.961Z", "user": 1, "content_type": 9, "object_id": "2", "object_repr": "kien", "action_flag": 3, "change_message": ""}}, {"model": "admin.logentry", "pk": 6, "fields": {"action_time": "2016-12-05T08:34:57.013Z", "user": 1, "content_type": 9, "object_id": "3", "object_repr": "le", "action_flag": 3, "change_message": ""}}, {"model": "admin.logentry", "pk": 7, "fields": {"action_time": "2016-12-18T14:53:19.832Z", "user": 1, "content_type": 9, "object_id": "6", "object_repr": "le2", "action_flag": 3, "change_message": ""}}, {"model": "admin.logentry", "pk": 8, "fields": {"action_time": "2016-12-18T14:53:19.887Z", "user": 1, "content_type": 9, "object_id": "7", "object_repr": "lo", "action_flag": 3, "change_message": ""}}, {"model": "admin.logentry", "pk": 9, "fields": {"action_time": "2016-12-26T08:28:54.791Z", "user": 1, "content_type": 1, "object_id": "3", "object_repr": "kien's profile", "action_flag": 2, "change_message": "[{\"changed\": {\"fields\": [\"is_shop\"]}}]"}}, {"model": "admin.logentry", "pk": 10, "fields": {"action_time": "2017-02-01T18:43:38.326Z", "user": 1, "content_type": 5, "object_id": "2", "object_repr": "2", "action_flag": 2, "change_message": "[{\"changed\": {\"fields\": [\"status\"]}}]"}}, {"model": "admin.logentry", "pk": 11, "fields": {"action_time": "2017-02-01T19:19:26.642Z", "user": 1, "content_type": 5, "object_id": "3", "object_repr": "3", "action_flag": 2, "change_message": "[{\"changed\": {\"fields\": [\"status\"]}}]"}}, {"model": "admin.logentry", "pk": 12, "fields": {"action_time": "2017-02-03T07:55:27.605Z", "user": 1, "content_type": 6, "object_id": "2", "object_repr": "Lorem ipsum dolor sit amet, consectetur adipiscing elit, sed do eiusmod tempor incididunt ut labore et dolore magna aliqua. Ut enim ad minim veniam, quis nostrud exercitation ullamco laboris nisi ut a", "action_flag": 2, "change_message": "[{\"changed\": {\"fields\": [\"content\"]}}]"}}, {"model": "admin.logentry", "pk": 13, "fields": {"action_time": "2017-02-03T13:06:39.786Z", "user": 1, "content_type": 5, "object_id": "4", "object_repr": "4", "action_flag": 2, "change_message": "[{\"changed\": {\"fields\": [\"status\"]}}]"}}, {"model": "admin.logentry", "pk": 14, "fields": {"action_time": "2017-02-03T13:25:34.274Z", "user": 1, "content_type": 5, "object_id": "5", "object_repr": "5", "action_flag": 2, "change_message": "[{\"changed\": {\"fields\": [\"status\"]}}]"}}, {"model": "admin.logentry", "pk": 15, "fields": {"action_time": "2017-02-10T07:45:26.158Z", "user": 1, "content_type": 5, "object_id": "6", "object_repr": "6", "action_flag": 2, "change_message": "[{\"changed\": {\"fields\": [\"status\"]}}]"}}, {"model": "admin.logentry", "pk": 16, "fields": {"action_time": "2017-02-10T07:49:06.783Z", "user": 1, "content_type": 5, "object_id": "7", "object_repr": "7", "action_flag": 2, "change_message": "[{\"changed\": {\"fields\": [\"status\"]}}]"}}, {"model": "admin.logentry", "pk": 17, "fields": {"action_time": "2017-02-10T07:53:43.075Z", "user": 1, "content_type": 5, "object_id": "8", "object_repr": "8", "action_flag": 2, "change_message": "[{\"changed\": {\"fields\": [\"status\"]}}]"}}, {"model": "admin.logentry", "pk": 18, "fields": {"action_time": "2017-02-10T08:00:00.277Z", "user": 1, "content_type": 3, "object_id": "4", "object_repr": "Tex-Mex Burger with Cajun Mayo", "action_flag": 2, "change_message": "[{\"changed\": {\"fields\": [\"rating\"]}}]"}}, {"model": "admin.logentry", "pk": 19, "fields": {"action_time": "2017-02-10T08:00:29.516Z", "user": 1, "content_type": 3, "object_id": "3", "object_repr": "Philly Cheesesteak", "action_flag": 2, "change_message": "[{\"changed\": {\"fields\": [\"rating\"]}}]"}}, {"model": "admin.logentry", "pk": 20, "fields": {"action_time": "2017-02-11T19:04:11.937Z", "user": 1, "content_type": 1, "object_id": "7", "object_repr": "lo's profile", "action_flag": 2, "change_message": "[{\"changed\": {\"fields\": [\"is_shop\"]}}]"}}, {"model": "admin.logentry", "pk": 21, "fields": {"action_time": "2017-02-13T13:35:57.097Z", "user": 1, "content_type": 1, "object_id": "7", "object_repr": "lo's profile", "action_flag": 2, "change_message": "[{\"changed\": {\"fields\": [\"is_shop\"]}}]"}}, {"model": "admin.logentry", "pk": 22, "fields": {"action_time": "2017-03-10T17:15:03.603Z", "user": 1, "content_type": 13, "object_id": "3", "object_repr": "http://127.0.0.1:8000", "action_flag": 1, "change_message": "[{\"added\": {}}]"}}, {"model": "admin.logentry", "pk": 23, "fields": {"action_time": "2017-03-10T17:15:08.751Z", "user": 1, "content_type": 17, "object_id": "1", "object_repr": "Google", "action_flag": 2, "change_message": "[{\"changed\": {\"fields\": [\"client_id\", \"secret\"]}}]"}}, {"model": "admin.logentry", "pk": 24, "fields": {"action_time": "2017-03-10T17:15:16.451Z", "user": 1, "content_type": 17, "object_id": "2", "object_repr": "Facebook", "action_flag": 2, "change_message": "[]"}}, {"model": "item.item", "pk": 2, "fields": {"shop": 4, "name": "Pepperoni", "slug": "pepperoni", "price": 129, "ingredient": "Pork and beef, salt, water, dextrose, spices, lactic acid starter culture, oleoresin of paprika, flavorings, sodium nitrate, BHA, BHT and citric acid.", "description": "C\u2019mon\u2026 you gotta love original pepperoni! Nothing says pizza quite like thin slices of pepperoni, evenly shuffled across a spread of tomato sauce under delicious 100% real cheese surrounded by a traditional garlic buttery crust. I mean, this is what pizza\u2019s all about #amirite?", "in_stock": 3, "pub_date": "2016-12-26T08:30:51.489Z", "modified_date": "2017-02-11T13:01:47.725Z", "rating": 4.666666666666667}}, {"model": "item.item", "pk": 3, "fields": {"shop": 4, "name": "Philly Cheesesteak", "slug": "philly-cheesesteak", "price": 119, "ingredient": "pizza dough (enough for 1 pizza)\r\n    approx. \u00bd lb. sliced deli roast beef\r\n    1 TBSP olive oil (or coconut oil)\r\n    1 green bell pepper\r\n    \u00bd medium red onion\r\n    3 to 4 mushrooms\r\n    1 tsp black pepper\r\n    \u00bd C Ragu\u00ae Cheese Creations Classic Alfredo sauce\r\n    \u00bc C provolone\r\n    1 to 2 cups shredded mozzarella cheese (or Italian cheese blend)", "description": "Yo, Philly! If there\u2019s one thing this city does best, it\u2019s bringing us one of the best sandwiches America has ever gotten its hands on. That\u2019s why we matched up this Philly icon with our fresh pizza dough to give you a delicious Philly Cheesesteak Pizza. 100% real shredded cheddar, green peppers, red onions, and seasoned steak, all melted in a flavorful cheese sauce. It\u2019s one of 3 Road Trip\u2019n Taste Tour flavors now on the Buffet. Get your hands on this knockout flavor before it\u2019s out of here!", "in_stock": 123, "pub_date": "2017-02-02T13:09:41.338Z", "modified_date": "2017-02-10T08:00:29.516Z", "rating": 4.0}}, {"model": "item.item", "pk": 4, "fields": {"shop": 4, "name": "Tex-Mex Burger with Cajun Mayo", "slug": "tex-mex-burger-with-cajun-mayo", "price": 39, "ingredient": "1/2 cup mayonnaise\r\n    1 teaspoon Cajun seasoning\r\n    1 1/3 pounds ground beef sirloin\r\n    1 jalape\u00f1o pepper, seeded and chopped\r\n    1/2 cup diced white onion\r\n    1 clove garlic, minced\r\n    1 tablespoon Cajun seasoning\r\n    1 teaspoon Worcestershire sauce\r\n    4 slices pepper-jack cheese\r\n    4 hamburger buns, split\r\n    4 leaves lettuce\r\n4 slices tomato", "description": "A jazzy way to spice up the boring basic burger that will tantalize your taste buds! Cajun spiced mayonnaise is the perfect complement to these spicy beef burgers.", "in_stock": 2, "pub_date": "2017-02-02T13:18:17.140Z", "modified_date": "2017-02-10T08:00:00.276Z", "rating": 1.0}}, {"model": "users.userprofile", "pk": 3, "fields": {"user": 4, "name": "L\u00ea Ki\u00ean", "slug": "le-kien", "avatar": "uploads/2017/02/15/1311572145550120.jpg", "gender": "M", "birthday": "1962-02-02", "email": "dk1721996@yahoo.com.vn", "phone": "+840123456789", "allergy": "", "point": 0, "address": "", "city": "SG", "district": "Q1", "ward": "", "is_shop": true, "info": "", "avatar_link": "https://graph.facebook.com/v2.4/1311572145550120/picture?type=square&height=600&width=600&return_ssl_resources=1"}}, {"model": "users.userprofile", "pk": 4, "fields": {"user": 5, "name": "Le Kien", "slug": "kien-le", "avatar": "uploads/2016/12/05/114555324763442694850_Oaj9lzz.jpg", "gender": "M", "birthday": "1961-01-03", "email": "dk172196@gmail.com", "phone": "01675459251", "allergy": "", "point": 0, "address": "", "city": "SG", "district": "Q1", "ward": "", "is_shop": false, "info": null, "avatar_link": "https://lh3.googleusercontent.com/-XdUIqdMkCWA/AAAAAAAAAAI/AAAAAAAAAAA/4252rscbv5M/photo.jpg"}}, {"model": "users.userprofile", "pk": 7, "fields": {"user": 8, "name": "L\u00ea Ki\u00ean", "slug": "lu-lo", "avatar": "uploads/2017/02/13/1062904793825477.jpg", "gender": "M", "birthday": "1996-02-17", "email": "dk1721996@gmail.com", "phone": "01675459251", "allergy": "", "point": 0, "address": "", "city": "SG", "district": "Q1", "ward": "", "is_shop": false, "info": "", "avatar_link": ""}}, {"model": "users.userprofile", "pk": 8, "fields": {"user": 1, "name": "users", "slug": "dk", "avatar": "/static/images/default-avatar.png", "gender": null, "birthday": null, "email": null, "phone": null, "allergy": null, "point": 0, "address": null, "city": null, "district": null, "ward": null, "is_shop": false, "info": null, "avatar_link": ""}}]